{"image_pretrained_glot": [[[50, 0.284], [100, 0.224], [200, 0.221], [300, 0.16733333333333333]], [[50, 0.296], [100, 0.216], [200, 0.173], [300, 0.16066666666666668]], [[50, 0.332], [100, 0.204], [200, 0.184], [300, 0.166]], [[50, 0.32], [100, 0.236], [200, 0.18], [300, 0.16333333333333333]], [[50, 0.288], [100, 0.244], [200, 0.192], [300, 0.15933333333333333]], [[50, 0.288], [100, 0.256], [200, 0.159], [300, 0.168]], [[50, 0.304], [100, 0.228], [200, 0.187], [300, 0.15266666666666667]], [[50, 0.26], [100, 0.268], [200, 0.18], [300, 0.17]], [[50, 0.292], [100, 0.258], [200, 0.18], [300, 0.158]], [[50, 0.292], [100, 0.262], [200, 0.183], [300, 0.16]], [[50, 0.316], [100, 0.26], [200, 0.172], [300, 0.14533333333333334]], [[50, 0.352], [100, 0.25], [200, 0.195], [300, 0.156]], [[50, 0.312], [100, 0.24], [200, 0.182], [300, 0.16133333333333333]], [[50, 0.296], [100, 0.256], [200, 0.2], [300, 0.16533333333333333]], [[50, 0.312], [100, 0.208], [200, 0.175], [300, 0.18466666666666667]], [[50, 0.264], [100, 0.26], [200, 0.178], [300, 0.16]], [[50, 0.292], [100, 0.272], [200, 0.178], [300, 0.15733333333333333]], [[50, 0.284], [100, 0.272], [200, 0.197], [300, 0.15733333333333333]], [[50, 0.336], [100, 0.244], [200, 0.203], [300, 0.15933333333333333]], [[50, 0.292], [100, 0.234], [200, 0.193], [300, 0.15]]], "glot_pretrained_image": [[[50, 0.744], [100, 0.766], [200, 0.637], [300, 0.5953333333333334]], [[50, 0.828], [100, 0.716], [200, 0.647], [300, 0.5846666666666667]], [[50, 0.816], [100, 0.726], [200, 0.665], [300, 0.592]], [[50, 0.852], [100, 0.714], [200, 0.645], [300, 0.5906666666666667]], [[50, 0.804], [100, 0.674], [200, 0.643], [300, 0.5953333333333334]], [[50, 0.784], [100, 0.726], [200, 0.639], [300, 0.5813333333333334]], [[50, 0.82], [100, 0.708], [200, 0.651], [300, 0.5766666666666667]], [[50, 0.832], [100, 0.672], [200, 0.663], [300, 0.5986666666666667]], [[50, 0.772], [100, 0.73], [200, 0.637], [300, 0.6086666666666667]], [[50, 0.796], [100, 0.758], [200, 0.666], [300, 0.594]], [[50, 0.704], [100, 0.682], [200, 0.629], [300, 0.586]], [[50, 0.812], [100, 0.716], [200, 0.651], [300, 0.598]], [[50, 0.812], [100, 0.71], [200, 0.661], [300, 0.5946666666666667]], [[50, 0.804], [100, 0.742], [200, 0.639], [300, 0.582]], [[50, 0.82], [100, 0.696], [200, 0.655], [300, 0.604]], [[50, 0.788], [100, 0.738], [200, 0.656], [300, 0.6086666666666667]], [[50, 0.788], [100, 0.718], [200, 0.653], [300, 0.6146666666666667]], [[50, 0.832], [100, 0.706], [200, 0.667], [300, 0.5813333333333334]], [[50, 0.78], [100, 0.748], [200, 0.647], [300, 0.582]], [[50, 0.8], [100, 0.752], [200, 0.623], [300, 0.608]]], "image_pretrained_random": [[[50, 0.528], [100, 0.478], [200, 0.386], [300, 0.3466666666666667]], [[50, 0.56], [100, 0.494], [200, 0.361], [300, 0.3273333333333333]], [[50, 0.496], [100, 0.49], [200, 0.351], [300, 0.32866666666666666]], [[50, 0.516], [100, 0.43], [200, 0.354], [300, 0.32]], [[50, 0.56], [100, 0.474], [200, 0.348], [300, 0.3406666666666667]], [[50, 0.496], [100, 0.406], [200, 0.408], [300, 0.31266666666666665]], [[50, 0.524], [100, 0.412], [200, 0.334], [300, 0.332]], [[50, 0.544], [100, 0.44], [200, 0.356], [300, 0.32266666666666666]], [[50, 0.504], [100, 0.436], [200, 0.363], [300, 0.33466666666666667]], [[50, 0.5], [100, 0.46], [200, 0.365], [300, 0.3293333333333333]], [[50, 0.484], [100, 0.442], [200, 0.357], [300, 0.3413333333333333]], [[50, 0.516], [100, 0.468], [200, 0.38], [300, 0.342]], [[50, 0.496], [100, 0.38], [200, 0.364], [300, 0.32266666666666666]], [[50, 0.468], [100, 0.448], [200, 0.352], [300, 0.33]], [[50, 0.444], [100, 0.48], [200, 0.364], [300, 0.3293333333333333]], [[50, 0.496], [100, 0.45], [200, 0.38], [300, 0.334]], [[50, 0.552], [100, 0.492], [200, 0.374], [300, 0.322]], [[50, 0.52], [100, 0.406], [200, 0.349], [300, 0.332]], [[50, 0.508], [100, 0.426], [200, 0.348], [300, 0.32866666666666666]], [[50, 0.508], [100, 0.464], [200, 0.377], [300, 0.32]]], "random_pretrained_image": [[[50, 0.24], [100, 0.158], [200, 0.085], [300, 0.07733333333333334]], [[50, 0.212], [100, 0.154], [200, 0.108], [300, 0.07333333333333333]], [[50, 0.204], [100, 0.134], [200, 0.102], [300, 0.07933333333333334]], [[50, 0.316], [100, 0.138], [200, 0.094], [300, 0.08]], [[50, 0.176], [100, 0.122], [200, 0.093], [300, 0.072]], [[50, 0.264], [100, 0.166], [200, 0.084], [300, 0.078]], [[50, 0.192], [100, 0.13], [200, 0.091], [300, 0.06466666666666666]], [[50, 0.22], [100, 0.14], [200, 0.096], [300, 0.07533333333333334]], [[50, 0.236], [100, 0.144], [200, 0.088], [300, 0.07533333333333334]], [[50, 0.292], [100, 0.146], [200, 0.109], [300, 0.08]], [[50, 0.192], [100, 0.16], [200, 0.092], [300, 0.06666666666666667]], [[50, 0.208], [100, 0.14], [200, 0.098], [300, 0.07133333333333333]], [[50, 0.208], [100, 0.128], [200, 0.079], [300, 0.07266666666666667]], [[50, 0.276], [100, 0.168], [200, 0.106], [300, 0.08066666666666666]], [[50, 0.2], [100, 0.134], [200, 0.095], [300, 0.068]], [[50, 0.176], [100, 0.156], [200, 0.083], [300, 0.062]], [[50, 0.18], [100, 0.13], [200, 0.088], [300, 0.074]], [[50, 0.148], [100, 0.128], [200, 0.101], [300, 0.08133333333333333]], [[50, 0.192], [100, 0.136], [200, 0.102], [300, 0.066]], [[50, 0.168], [100, 0.138], [200, 0.094], [300, 0.07666666666666666]]]}