{"image_untrained": [[[50, 0.384], [100, 0.244], [200, 0.222], [300, 0.184]], [[50, 0.296], [100, 0.338], [200, 0.197], [300, 0.18533333333333332]], [[50, 0.436], [100, 0.312], [200, 0.197], [300, 0.18533333333333332]], [[50, 0.336], [100, 0.28], [200, 0.22], [300, 0.19266666666666668]], [[50, 0.344], [100, 0.24], [200, 0.205], [300, 0.17466666666666666]], [[50, 0.392], [100, 0.232], [200, 0.206], [300, 0.17066666666666666]], [[50, 0.384], [100, 0.26], [200, 0.199], [300, 0.18466666666666667]], [[50, 0.38], [100, 0.274], [200, 0.217], [300, 0.17733333333333334]], [[50, 0.312], [100, 0.25], [200, 0.202], [300, 0.178]], [[50, 0.284], [100, 0.296], [200, 0.213], [300, 0.17466666666666666]], [[50, 0.34], [100, 0.266], [200, 0.231], [300, 0.18333333333333332]], [[50, 0.328], [100, 0.272], [200, 0.213], [300, 0.18266666666666667]], [[50, 0.372], [100, 0.266], [200, 0.21], [300, 0.19066666666666668]], [[50, 0.36], [100, 0.28], [200, 0.216], [300, 0.17933333333333334]], [[50, 0.348], [100, 0.284], [200, 0.222], [300, 0.176]], [[50, 0.292], [100, 0.286], [200, 0.198], [300, 0.18133333333333335]], [[50, 0.304], [100, 0.272], [200, 0.214], [300, 0.18066666666666667]], [[50, 0.344], [100, 0.28], [200, 0.224], [300, 0.17733333333333334]], [[50, 0.368], [100, 0.274], [200, 0.224], [300, 0.19666666666666666]], [[50, 0.372], [100, 0.246], [200, 0.214], [300, 0.182]]], "image_pretrained": [[[50, 0.568], [100, 0.504], [200, 0.419], [300, 0.37]], [[50, 0.62], [100, 0.49], [200, 0.396], [300, 0.38]], [[50, 0.616], [100, 0.54], [200, 0.419], [300, 0.36466666666666664]], [[50, 0.58], [100, 0.488], [200, 0.421], [300, 0.37866666666666665]], [[50, 0.572], [100, 0.472], [200, 0.444], [300, 0.382]], [[50, 0.576], [100, 0.52], [200, 0.432], [300, 0.37466666666666665]], [[50, 0.56], [100, 0.526], [200, 0.433], [300, 0.37133333333333335]], [[50, 0.544], [100, 0.532], [200, 0.41], [300, 0.376]], [[50, 0.612], [100, 0.504], [200, 0.422], [300, 0.37866666666666665]], [[50, 0.52], [100, 0.52], [200, 0.403], [300, 0.37533333333333335]], [[50, 0.592], [100, 0.498], [200, 0.431], [300, 0.38866666666666666]], [[50, 0.592], [100, 0.534], [200, 0.427], [300, 0.3993333333333333]], [[50, 0.624], [100, 0.49], [200, 0.412], [300, 0.358]], [[50, 0.608], [100, 0.47], [200, 0.416], [300, 0.36]], [[50, 0.54], [100, 0.488], [200, 0.408], [300, 0.37266666666666665]], [[50, 0.572], [100, 0.51], [200, 0.422], [300, 0.38466666666666666]], [[50, 0.576], [100, 0.5], [200, 0.438], [300, 0.39066666666666666]], [[50, 0.54], [100, 0.51], [200, 0.446], [300, 0.37866666666666665]], [[50, 0.608], [100, 0.476], [200, 0.441], [300, 0.4053333333333333]], [[50, 0.548], [100, 0.51], [200, 0.434], [300, 0.37866666666666665]]], "glot_untrained": [[[50, 0.756], [100, 0.656], [200, 0.562], [300, 0.4866666666666667]], [[50, 0.72], [100, 0.624], [200, 0.551], [300, 0.49133333333333334]], [[50, 0.688], [100, 0.63], [200, 0.55], [300, 0.5066666666666667]], [[50, 0.732], [100, 0.628], [200, 0.575], [300, 0.5026666666666667]], [[50, 0.7], [100, 0.61], [200, 0.529], [300, 0.49666666666666665]], [[50, 0.7], [100, 0.616], [200, 0.538], [300, 0.49933333333333335]], [[50, 0.684], [100, 0.646], [200, 0.523], [300, 0.4846666666666667]], [[50, 0.708], [100, 0.632], [200, 0.56], [300, 0.5006666666666667]], [[50, 0.716], [100, 0.658], [200, 0.572], [300, 0.49866666666666665]], [[50, 0.712], [100, 0.594], [200, 0.576], [300, 0.5]], [[50, 0.712], [100, 0.616], [200, 0.559], [300, 0.512]], [[50, 0.72], [100, 0.634], [200, 0.56], [300, 0.524]], [[50, 0.724], [100, 0.6], [200, 0.564], [300, 0.5153333333333333]], [[50, 0.7], [100, 0.602], [200, 0.56], [300, 0.49]], [[50, 0.768], [100, 0.65], [200, 0.547], [300, 0.5193333333333333]], [[50, 0.688], [100, 0.63], [200, 0.55], [300, 0.492]], [[50, 0.72], [100, 0.62], [200, 0.51], [300, 0.492]], [[50, 0.712], [100, 0.63], [200, 0.554], [300, 0.5093333333333333]], [[50, 0.692], [100, 0.646], [200, 0.55], [300, 0.496]], [[50, 0.724], [100, 0.654], [200, 0.534], [300, 0.5113333333333333]]], "glot_pretrained": [[[50, 0.888], [100, 0.83], [200, 0.792], [300, 0.746]], [[50, 0.872], [100, 0.866], [200, 0.795], [300, 0.7486666666666667]], [[50, 0.86], [100, 0.818], [200, 0.767], [300, 0.7513333333333333]], [[50, 0.864], [100, 0.836], [200, 0.786], [300, 0.7533333333333333]], [[50, 0.892], [100, 0.874], [200, 0.778], [300, 0.7466666666666667]], [[50, 0.916], [100, 0.824], [200, 0.777], [300, 0.7433333333333333]], [[50, 0.884], [100, 0.828], [200, 0.804], [300, 0.7493333333333333]], [[50, 0.908], [100, 0.824], [200, 0.808], [300, 0.7506666666666667]], [[50, 0.912], [100, 0.84], [200, 0.775], [300, 0.7393333333333333]], [[50, 0.868], [100, 0.846], [200, 0.785], [300, 0.748]], [[50, 0.916], [100, 0.844], [200, 0.769], [300, 0.7653333333333333]], [[50, 0.876], [100, 0.854], [200, 0.782], [300, 0.7366666666666667]], [[50, 0.836], [100, 0.852], [200, 0.785], [300, 0.7633333333333333]], [[50, 0.88], [100, 0.882], [200, 0.794], [300, 0.7686666666666667]], [[50, 0.892], [100, 0.824], [200, 0.783], [300, 0.7646666666666667]], [[50, 0.9], [100, 0.824], [200, 0.815], [300, 0.7533333333333333]], [[50, 0.82], [100, 0.828], [200, 0.779], [300, 0.7486666666666667]], [[50, 0.86], [100, 0.85], [200, 0.775], [300, 0.754]], [[50, 0.892], [100, 0.834], [200, 0.796], [300, 0.7306666666666667]], [[50, 0.92], [100, 0.838], [200, 0.78], [300, 0.7546666666666667]]], "image_random_untrained": [[[50, 0.104], [100, 0.09], [200, 0.046], [300, 0.03333333333333333]], [[50, 0.08], [100, 0.056], [200, 0.054], [300, 0.034]], [[50, 0.092], [100, 0.056], [200, 0.048], [300, 0.035333333333333335]], [[50, 0.116], [100, 0.046], [200, 0.036], [300, 0.034]], [[50, 0.112], [100, 0.068], [200, 0.042], [300, 0.034]], [[50, 0.096], [100, 0.066], [200, 0.058], [300, 0.034666666666666665]], [[50, 0.128], [100, 0.078], [200, 0.039], [300, 0.032]], [[50, 0.112], [100, 0.07], [200, 0.048], [300, 0.035333333333333335]], [[50, 0.128], [100, 0.066], [200, 0.04], [300, 0.03333333333333333]], [[50, 0.092], [100, 0.07], [200, 0.054], [300, 0.032]], [[50, 0.124], [100, 0.08], [200, 0.049], [300, 0.032]], [[50, 0.084], [100, 0.068], [200, 0.047], [300, 0.034]], [[50, 0.108], [100, 0.08], [200, 0.046], [300, 0.038]], [[50, 0.12], [100, 0.09], [200, 0.044], [300, 0.034666666666666665]], [[50, 0.12], [100, 0.092], [200, 0.038], [300, 0.03266666666666666]], [[50, 0.156], [100, 0.058], [200, 0.058], [300, 0.03333333333333333]], [[50, 0.136], [100, 0.094], [200, 0.045], [300, 0.03133333333333333]], [[50, 0.152], [100, 0.066], [200, 0.046], [300, 0.035333333333333335]], [[50, 0.096], [100, 0.072], [200, 0.046], [300, 0.03866666666666667]], [[50, 0.14], [100, 0.072], [200, 0.05], [300, 0.037333333333333336]]],